已知目标值 TargetValue,影响因素1 Factor_1,影响因素2 Factor_2
-51.6190327,4.76224725,5.37959421
-73.9511089,-1.6415712,8.44134781
-5.20760505,2.25125507,0.37343763
-5.15256148,2.23953621,0.37018784
-0.161824558,-0.1011265,0.38935586
-9.27103445,0.14795738,-3.04124038
-200,-10,10
-200,10,10
寻优起点SearchingStart,-10,-10
寻优终点SearchingEnd,10,10
